preco_medio_close,lag_1_mes_preco_medio_close,lag_2_mes_preco_medio_close,lag_3_mes_preco_medio_close,lag_4_mes_preco_medio_close,lag_5_mes_preco_medio_close,lag_6_mes_preco_medio_close,media_movel_6_meses_preco_medio_close,desvio_padrao_movel_6_meses_preco_medio_close,valor_minimo_6_meses_preco_medio_close,valor_maximo_6_meses_preco_medio_close
29.864014,31.982691,36.549212,32.095261,27.004712,24.373987,20.788237,30.311646,3.900275,24.373987,36.549212
29.041807,29.864014,31.982691,36.549212,32.095261,27.004712,24.373987,31.089616,2.999949,27.004712,36.549212
30.634756,29.041807,29.864014,31.982691,36.549212,32.095261,27.004712,31.694623,2.426328,29.041807,36.549212
28.021431,30.634756,29.041807,29.864014,31.982691,36.549212,32.095261,31.015652,2.765508,28.021431,36.549212
25.438857,28.021431,30.634756,29.041807,29.864014,31.982691,36.549212,29.163926,2.073453,25.438857,31.982691
28.46407,25.438857,28.021431,30.634756,29.041807,29.864014,31.982691,28.577489,1.647026,25.438857,30.634756
29.935567,28.46407,25.438857,28.021431,30.634756,29.041807,29.864014,28.589415,1.656529,25.438857,30.634756
28.134724,29.935567,28.46407,25.438857,28.021431,30.634756,29.041807,28.438234,1.649722,25.438857,30.634756
28.349059,28.134724,29.935567,28.46407,25.438857,28.021431,30.634756,28.057284,1.331791,25.438857,29.935567
31.338352,28.349059,28.134724,29.935567,28.46407,25.438857,28.021431,28.610104,1.806122,25.438857,31.338352
38.491646,31.338352,28.349059,28.134724,29.935567,28.46407,25.438857,30.785569,3.62318,28.134724,38.491646
44.42866,38.491646,31.338352,28.349059,28.134724,29.935567,28.46407,33.446334,6.014304,28.134724,44.42866
48.167548,44.42866,38.491646,31.338352,28.349059,28.134724,29.935567,36.484998,7.810452,28.134724,48.167548
58.535509,48.167548,44.42866,38.491646,31.338352,28.349059,28.134724,41.551795,10.2346,28.349059,58.535509
69.468685,58.535509,48.167548,44.42866,38.491646,31.338352,28.349059,48.405067,12.594435,31.338352,69.468685
78.037735,69.468685,58.535509,48.167548,44.42866,38.491646,31.338352,56.188297,13.994457,38.491646,78.037735
78.416926,78.037735,69.468685,58.535509,48.167548,44.42866,38.491646,62.842511,13.480468,44.42866,78.416926
80.264973,78.416926,78.037735,69.468685,58.535509,48.167548,44.42866,68.815229,11.837583,48.167548,80.264973
85.674838,80.264973,78.416926,78.037735,69.468685,58.535509,48.167548,75.066444,8.796057,58.535509,85.674838
113.430087,85.674838,80.264973,78.416926,78.037735,69.468685,58.535509,84.215541,13.907344,69.468685,113.430087
138.223035,113.430087,85.674838,80.264973,78.416926,78.037735,69.468685,95.674599,22.627288,78.037735,138.223035
124.129108,138.223035,113.430087,85.674838,80.264973,78.416926,78.037735,103.356495,23.153459,78.416926,138.223035
157.882382,124.129108,138.223035,113.430087,85.674838,80.264973,78.416926,116.600737,27.432117,80.264973,157.882382
166.430487,157.882382,124.129108,138.223035,113.430087,85.674838,80.264973,130.961656,27.204248,85.674838,166.430487
180.933538,166.430487,157.882382,124.129108,138.223035,113.430087,85.674838,146.838106,23.714797,113.430087,180.933538
195.459281,180.933538,166.430487,157.882382,124.129108,138.223035,113.430087,160.509639,24.155082,124.129108,195.459281
182.624908,195.459281,180.933538,166.430487,157.882382,124.129108,138.223035,167.909951,22.965962,124.129108,195.459281
199.538943,182.624908,195.459281,180.933538,166.430487,157.882382,124.129108,180.478256,14.72226,157.882382,199.538943
167.002248,199.538943,182.624908,195.459281,180.933538,166.430487,157.882382,181.998234,12.633533,166.430487,199.538943
176.15162,167.002248,199.538943,182.624908,195.459281,180.933538,166.430487,183.618423,11.058292,167.002248,199.538943
146.302318,176.15162,167.002248,199.538943,182.624908,195.459281,180.933538,177.846553,17.884403,146.302318,199.538943
154.368901,146.302318,176.15162,167.002248,199.538943,182.624908,195.459281,170.998156,17.695103,146.302318,199.538943
144.974996,154.368901,146.302318,176.15162,167.002248,199.538943,182.624908,164.723171,19.08084,144.974996,199.538943
138.228713,144.974996,154.368901,146.302318,176.15162,167.002248,199.538943,154.504799,13.21488,138.228713,176.15162
166.8046,138.228713,144.974996,154.368901,146.302318,176.15162,167.002248,154.471858,13.183896,138.228713,176.15162
144.419979,166.8046,138.228713,144.974996,154.368901,146.302318,176.15162,149.183251,9.18425,138.228713,166.8046
141.586618,144.419979,166.8046,138.228713,144.974996,154.368901,146.302318,148.397301,9.589973,138.228713,166.8046
134.229065,141.586618,144.419979,166.8046,138.228713,144.974996,154.368901,145.040662,10.402582,134.229065,166.8046
116.706217,134.229065,141.586618,144.419979,166.8046,138.228713,144.974996,140.329199,14.826392,116.706217,166.8046
133.945462,116.706217,134.229065,141.586618,144.419979,166.8046,138.228713,139.615323,15.012293,116.706217,166.8046
138.143506,133.945462,116.706217,134.229065,141.586618,144.419979,166.8046,134.838474,8.927612,116.706217,144.419979
155.657651,138.143506,133.945462,116.706217,134.229065,141.586618,144.419979,136.71142,11.538333,116.706217,155.657651
109.151134,155.657651,138.143506,133.945462,116.706217,134.229065,141.586618,131.305506,15.051341,109.151134,155.657651
67.889745,109.151134,155.657651,138.143506,133.945462,116.706217,134.229065,120.248952,27.805229,67.889745,155.657651
84.567209,67.889745,109.151134,155.657651,138.143506,133.945462,116.706217,114.892451,30.895705,67.889745,155.657651
88.948755,84.567209,67.889745,109.151134,155.657651,138.143506,133.945462,107.393,30.821733,67.889745,155.657651
89.406784,88.948755,84.567209,67.889745,109.151134,155.657651,138.143506,99.270213,27.934171,67.889745,155.657651
100.524652,89.406784,88.948755,84.567209,67.889745,109.151134,155.657651,90.08138,12.892699,67.889745,109.151134
121.220432,100.524652,89.406784,88.948755,84.567209,67.889745,109.151134,92.092929,16.222604,67.889745,121.220432
120.803605,121.220432,100.524652,89.406784,88.948755,84.567209,67.889745,100.911906,15.004998,84.567209,121.220432
114.443771,120.803605,121.220432,100.524652,89.406784,88.948755,84.567209,105.891333,13.65097,88.948755,121.220432
131.097723,114.443771,120.803605,121.220432,100.524652,89.406784,88.948755,112.916161,13.966124,89.406784,131.097723
116.806739,131.097723,114.443771,120.803605,121.220432,100.524652,89.406784,117.48282,9.198146,100.524652,131.097723
98.835585,116.806739,131.097723,114.443771,120.803605,121.220432,100.524652,117.201309,9.72368,98.835585,131.097723
94.440134,98.835585,116.806739,131.097723,114.443771,120.803605,121.220432,112.737926,12.580983,94.440134,131.097723
110.741415,94.440134,98.835585,116.806739,131.097723,114.443771,120.803605,111.060894,12.053651,94.440134,131.097723
105.049725,110.741415,94.440134,98.835585,116.806739,131.097723,114.443771,109.49522,12.122468,94.440134,131.097723
123.237273,105.049725,110.741415,94.440134,98.835585,116.806739,131.097723,108.185145,9.946552,94.440134,123.237273
107.046686,123.237273,105.049725,110.741415,94.440134,98.835585,116.806739,106.558469,9.171434,94.440134,123.237273
117.131777,107.046686,123.237273,105.049725,110.741415,94.440134,98.835585,109.607835,9.138301,94.440134,123.237273
112.140138,117.131777,107.046686,123.237273,105.049725,110.741415,94.440134,112.557835,6.126305,105.049725,123.237273
88.105635,112.140138,117.131777,107.046686,123.237273,105.049725,110.741415,108.785205,11.063483,88.105635,123.237273
91.869262,88.105635,112.140138,117.131777,107.046686,123.237273,105.049725,106.588462,12.764829,88.105635,123.237273
79.305437,91.869262,88.105635,112.140138,117.131777,107.046686,123.237273,99.266489,13.681849,79.305437,117.131777
88.190441,79.305437,91.869262,88.105635,112.140138,117.131777,107.046686,96.123781,13.699427,79.305437,117.131777
91.404167,88.190441,79.305437,91.869262,88.105635,112.140138,117.131777,91.835847,9.972181,79.305437,112.140138
67.065111,91.404167,88.190441,79.305437,91.869262,88.105635,112.140138,84.323342,8.749906,67.065111,91.869262
91.284543,67.065111,91.404167,88.190441,79.305437,91.869262,88.105635,84.85316,9.053852,67.065111,91.869262
101.926092,91.284543,67.065111,91.404167,88.190441,79.305437,91.869262,86.529298,10.933405,67.065111,101.926092
118.412117,101.926092,91.284543,67.065111,91.404167,88.190441,79.305437,93.047078,15.420102,67.065111,118.412117
138.609204,118.412117,101.926092,91.284543,67.065111,91.404167,88.190441,101.450206,22.565912,67.065111,138.609204
119.747314,138.609204,118.412117,101.926092,91.284543,67.065111,91.404167,106.174064,22.932127,67.065111,138.609204
124.886389,119.747314,138.609204,118.412117,101.926092,91.284543,67.065111,115.810943,15.377034,91.284543,138.609204
112.57374,124.886389,119.747314,138.609204,118.412117,101.926092,91.284543,119.359143,11.196099,101.926092,138.609204
121.029879,112.57374,124.886389,119.747314,138.609204,118.412117,101.926092,122.543107,8.064016,112.57374,138.609204
114.203637,121.029879,112.57374,124.886389,119.747314,138.609204,118.412117,121.841694,8.560568,112.57374,138.609204
104.635436,114.203637,121.029879,112.57374,124.886389,119.747314,138.609204,116.179399,6.611056,104.635436,124.886389
114.224249,104.635436,114.203637,121.029879,112.57374,124.886389,119.747314,115.258888,6.432274,104.635436,124.886389
106.930007,114.224249,104.635436,114.203637,121.029879,112.57374,124.886389,112.266158,5.34147,104.635436,121.029879
131.200333,106.930007,114.224249,104.635436,114.203637,121.029879,112.57374,115.37059,8.867273,104.635436,131.200333
123.612845,131.200333,106.930007,114.224249,104.635436,114.203637,121.029879,115.801084,9.188457,104.635436,131.200333
108.662168,123.612845,131.200333,106.930007,114.224249,104.635436,114.203637,114.877506,9.573059,104.635436,131.200333
105.550063,108.662168,123.612845,131.200333,106.930007,114.224249,104.635436,115.029944,9.414727,105.550063,131.200333
92.118345,105.550063,108.662168,123.612845,131.200333,106.930007,114.224249,111.345627,12.745389,92.118345,131.200333
61.618713,92.118345,105.550063,108.662168,123.612845,131.200333,106.930007,103.793744,22.678008,61.618713,131.200333
49.616258,61.618713,92.118345,105.550063,108.662168,123.612845,131.200333,90.196399,26.33282,49.616258,123.612845
44.979597,49.616258,61.618713,92.118345,105.550063,108.662168,123.612845,77.090857,26.006004,44.979597,108.662168
51.556926,44.979597,49.616258,61.618713,92.118345,105.550063,108.662168,67.573317,22.984074,44.979597,105.550063
62.66969,51.556926,44.979597,49.616258,61.618713,92.118345,105.550063,60.426588,15.518611,44.979597,92.118345
59.842148,62.66969,51.556926,44.979597,49.616258,61.618713,92.118345,55.047222,6.674734,44.979597,62.66969
48.144892,59.842148,62.66969,51.556926,44.979597,49.616258,61.618713,52.801585,6.344457,44.979597,62.66969
51.491876,48.144892,59.842148,62.66969,51.556926,44.979597,49.616258,53.114188,6.22489,44.979597,62.66969
47.660057,51.491876,48.144892,59.842148,62.66969,51.556926,44.979597,53.560931,5.699035,47.660057,62.66969
54.19069,47.660057,51.491876,48.144892,59.842148,62.66969,51.556926,53.999892,5.628772,47.660057,62.66969
51.189181,54.19069,47.660057,51.491876,48.144892,59.842148,62.66969,52.086474,4.100124,47.660057,59.842148
56.582942,51.189181,54.19069,47.660057,51.491876,48.144892,59.842148,51.543273,3.140156,47.660057,56.582942
54.881173,56.582942,51.189181,54.19069,47.660057,51.491876,48.144892,52.665986,2.920991,47.660057,56.582942
67.463582,54.881173,56.582942,51.189181,54.19069,47.660057,51.491876,55.327937,6.140949,47.660057,67.463582
65.358512,67.463582,54.881173,56.582942,51.189181,54.19069,47.660057,58.27768,5.998301,51.189181,67.463582
73.663045,65.358512,67.463582,54.881173,56.582942,51.189181,54.19069,61.523072,7.881288,51.189181,73.663045
